{
    "obj_path": "3d_models/objects/mug_67/base.urdf",
    "hook_path": "3d_models/hook/Hook_90/base.urdf",
    "hook_pose": [
        0.5,
        -0.1,
        1.3,
        4.329780281177466e-17,
        0.7071067811865475,
        0.7071067811865476,
        4.329780281177467e-17
    ],
    "width": 512,
    "height": 512,
    "intrinsic": [
        [
            605.0,
            0.0,
            256.0
        ],
        [
            0.0,
            605.0,
            256.0
        ],
        [
            0.0,
            0.0,
            1.0
        ]
    ],
    "template_extrinsic": [
        [
            -1.0,
            -0.0,
            0.0,
            0.0
        ],
        [
            0.0,
            -1.0,
            0.0,
            0.0
        ],
        [
            0.0,
            -0.0,
            1.0,
            -0.2
        ],
        [
            0.0,
            0.0,
            0.0,
            1.0
        ]
    ],
    "hanging_extrinsic": [
        [
            -1.0,
            -0.0,
            0.0,
            0.5
        ],
        [
            0.0,
            0.0,
            -1.0,
            0.2
        ],
        [
            0.0,
            -1.0,
            0.0,
            1.3
        ],
        [
            0.0,
            0.0,
            0.0,
            1.0
        ]
    ]
}